Question1,yoshida,koide,saka,Tamura,Fujie,Shimizu
stimulation1,0.124716,0.06571884,0.07951576,0.1946847,0.009782883,0
stimulation2,0.1663569,0.0265796,0.05760461,0.5807272,0.02717811,0
stimulation3,0.2057534,0.2407722,0.1365103,0.6109656,0.2692541,0
stimulation4,0.2408094,0.1108395,0.5696588,0.5465881,0.4604113,0.1613162
stimulation5,0.2307886,0.1787844,0.6090038,0.6414959,0.2262606,0.1347572
stimulation6,0.3801273,0.2441724,0.731927,0.6544698,0.6015258,0.1328245
stimulation7,0.5065524,0.4108217,0.7607723,0.841244,0.5770671,0.289439