Question2,yoshida,koide,saka,Tamura,Fujie,Shimizu
stimulation1,0.2587679,0.07003437,0.1370396,0.4635403,0.01318138,0.06521241
stimulation2,0.2692478,0.2003135,0.1464799,0.5712628,0.3087708,0.07597198
stimulation3,0.2438557,0.1892593,0.1502676,0.6624262,0.3458396,0.04777979
stimulation4,0.02574452,0.1067427,0.1667765,0.3356331,0.1244391,0.06321742
stimulation5,0.1873706,0.1514369,0.09947965,0.597849,0.2243374,0.1408447
stimulation6,0.3418339,0.2707431,0.6916963,0.5786965,0.5456849,0.1580985
stimulation7,0.4349043,0.4864639,0.6220316,0.8239609,0.5991627,0.2114837